{"metrics":{"data_sent":{"type":"counter","contains":"data","values":{"count":1487445,"rate":297185.21590524964}},"checks":{"type":"rate","contains":"default","values":{"rate":1,"passes":795,"fails":0}},"data_received":{"type":"counter","contains":"data","values":{"count":3965460,"rate":792282.1255667479}},"vus_max":{"values":{"value":1,"min":1,"max":1},"type":"gauge","contains":"default"},"http_req_blocked":{"type":"trend","contains":"time","values":{"p(90)":0.0031379999999999997,"p(95)":0.003654999999999999,"p(99)":0.009514920000000012,"avg":0.003175199999999997,"min":0.001122,"med":0.001903,"max":0.273938}},"http_req_connecting":{"type":"trend","contains":"time","values":{"avg":0.00021028301886792452,"min":0,"med":0,"max":0.055725,"p(90)":0,"p(95)":0,"p(99)":0}},"http_req_tls_handshaking":{"type":"trend","contains":"time","values":{"p(95)":0,"p(99)":0,"avg":0,"min":0,"med":0,"max":0,"p(90)":0}},"http_req_duration{expected_response:true}":{"type":"trend","contains":"time","values":{"avg":18.614404467924537,"min":15.996058,"med":18.477033,"max":61.37877,"p(90)":19.775621,"p(95)":20.265290399999998,"p(99)":20.936556920000005}},"http_req_sending":{"values":{"max":0.780654,"p(90)":0.0430756,"p(95)":0.04726299999999999,"p(99)":0.07038368000000005,"avg":0.03522704528301886,"min":0.020709,"med":0.030077},"type":"trend","contains":"time"},"http_req_duration":{"type":"trend","contains":"time","values":{"min":15.996058,"med":18.477033,"max":61.37877,"p(90)":19.775621,"p(95)":20.265290399999998,"p(99)":20.936556920000005,"avg":18.614404467924537}},"http_req_receiving":{"type":"trend","contains":"time","values":{"avg":0.038859577358490535,"min":0.018084,"med":0.033283,"max":0.162547,"p(90)":0.059771,"p(95)":0.073567,"p(99)":0.0923967600000003}},"vus":{"type":"gauge","contains":"default","values":{"value":1,"min":1,"max":1}},"http_req_failed":{"type":"rate","contains":"default","values":{"rate":0,"passes":0,"fails":265}},"iteration_duration":{"contains":"time","values":{"p(99)":21.235012040000004,"avg":18.880302856603763,"min":16.224329,"med":18.720432,"max":62.069705,"p(90)":20.0165702,"p(95)":20.5719872},"type":"trend"},"iterations":{"type":"counter","contains":"default","values":{"count":265,"rate":52.94587847946724}},"http_reqs":{"type":"counter","contains":"default","values":{"count":265,"rate":52.94587847946724}},"http_req_waiting":{"type":"trend","contains":"time","values":{"med":18.397543,"max":61.224599,"p(90)":19.7089396,"p(95)":20.189573,"p(99)":20.851970680000004,"avg":18.540317845283,"min":15.93898}}},"root_group":{"checks":[{"name":"response code was 200","path":"::response code was 200","id":"bed5ed4407a904e0b27ca293ed585e5e","passes":265,"fails":0},{"name":"no graphql errors","path":"::no graphql errors","id":"7c29382b2a87caa2e50f0d89170b649f","passes":265,"fails":0},{"name":"response matches expected","path":"::response matches expected","id":"41fb57c0d88f0e10bb094650fc2e9850","passes":265,"fails":0}],"name":"","path":"","id":"d41d8cd98f00b204e9800998ecf8427e","groups":[]},"options":{"summaryTrendStats":["avg","min","med","max","p(90)","p(95)","p(99)"],"summaryTimeUnit":"","noColor":false},"state":{"isStdOutTTY":true,"isStdErrTTY":true,"testRunDurationMs":5005.111023}}